<?xml version='1.0' encoding='UTF-8'?>
<!DOCTYPE hibernate-configuration PUBLIC
          "-//Hibernate/Hibernate Configuration DTD 3.0//EN"
          "http://hibernate.sourceforge.net/hibernate-configuration-3.0.dtd">

<hibernate-configuration>
<session-factory>

<property name="hibernate.connection.driver_class">com.mysql.jdbc.Driver</property>
<property name="hibernate.connection.url">jdbc:mysql://localhost:3306/Adminportal</property>										
<property name="hibernate.connection.username">root</property>
<property name="hibernate.connection.password">root12345</property>
<property name="dialect">org.hibernate.dialect.MySQLDialect</property>
<property name="show_sql">true</property>
<property name="format_sql">true</property>
<!--<property name="hbm2ddl.auto">update</property>-->
<property name="hbm2ddl.auto">update</property>
<mapping resource="com/simplilearn/model/classes.hbm.xml"/>
<mapping resource="com/simplilearn/model/student.hbm.xml"/>


</session-factory>
    
</hibernate-configuration>